id,price,sqft,bedrooms,bathrooms,age_years,neighborhood,sale_date,garage,school_rating
276,380868.0,1881.0,2,2.0,60,Suburbs,19-Jul-2020,no,10.0
94,343623.0,1139.0,5,2.0,25,Midtown,2020-03-08,TRUE,
7,,N/A,3,1.5,8,Rural,2020-01-05,yes,8.1
168,380796.0,,2,1.0,79,Rural,01-May-2020,TRUE,
91,403231.0,1311.0,5,2.0,9,Rural,2020-03-06,no,4.5
33,309021.0,1621.0,1,2.5,1,Downtown,24-Jan-2020,No,9.7
363,429986.0,1777.0,1,1.0,16,Rural,21-Sep-2020,yes,2.7
229,281741.0,1344.0,2,2.5,43,Downtown,2020-06-15,No,
193,319345.0,2181.0,1,1.5,59,Rural,2020-05-20,Y,1.6
483,357322.0,1892.0,2,2.5,75,Midtown,17-Dec-2020,N,
219,337640.0,1660.0,5,1.0,13,Midtown,08-Jun-2020,yes,6.3
181,454480.0,2127.0,3,1.5,27,Rural,2020-05-11,No,1.8
308,454004.0,1302.0,1,3.0,46,Downtown,08/12/2020,yes,7.6
484,396462.0,2094.0,1,1.5,57,Midtown,2020-12-18,N,5.9
11,420352.0,1176.0,5,1.5,35,Midtown,01/08/2020,yes,1.4
382,454764.0,2179.0,5,2.0,4,Downtown,2020-10-05,N,
372,,1397.0,1,3.0,1,Suburbs,27-Sep-2020,Y,6.0
31,-1000.0,,5,3.0,29,Suburbs,2020-01-22,Y,9.4
495,325306.0,1756.0,3,2.5,62,Midtown,26-Dec-2020,Yes,
138,417050.0,1355.0,5,1.5,65,Midtown,10-Apr-2020,TRUE,
156,491434.0,1928.0,4,2.5,61,Midtown,23-Apr-2020,no,
85,,2086.0,4,3.0,5,Rural,2020-03-02,TRUE,3.2
118,351748.0,1897.0,2,2.0,32,Midtown,2020-03-26,Yes,7.9
173,,1514.0,3,2.0,71,Midtown,05/05/2020,FALSE,
324,410070.0,TBD,2,3.0,15,Downtown,23-Aug-2020,TRUE,9.9
332,401003.0,2425.0,3,3.0,73,Midtown,08/29/2020,N,
80,325252.0,1945.0,5,1.5,8,Rural,02/27/2020,Y,1.1
453,506081.0,1991.0,2,1.5,66,Rural,25-Nov-2020,TRUE,
297,373680.0,2198.0,2,1.5,49,Rural,04-Aug-2020,Yes,4.4
254,271051.0,2620.0,4,3.0,51,Downtown,07/03/2020,no,2.8
250,256275.0,1443.0,4,2.5,2,Midtown,2020-06-30,No,2.8
341,166697.0,2562.0,3,1.0,5,Downtown,09/05/2020,Yes,2.3
334,268903.0,1648.0,3,2.5,78,Downtown,2020-08-31,Y,
10,5000.0,1986.0,1,2.0,35,Downtown,2020-01-07,Y,9.8
279,445291.0,1824.0,2,1.5,9,Rural,21-Jul-2020,yes,2.6
69,418638.0,2019.0,3,1.0,37,Downtown,19-Feb-2020,Yes,9.4
418,456215.0,2012.0,1,2.5,76,Downtown,2020-10-31,TRUE,
204,401515.0,1777.0,3,2.5,32,Downtown,28-May-2020,no,4.3
394,,1815.0,3,1.0,4,Suburbs,2020-10-13,yes,6.7
306,265768.0,2240.0,5,2.0,40,Rural,10-Aug-2020,N,2.5
300,376240.0,1816.0,1,1.5,9,Rural,06-Aug-2020,yes,4.9
348,397273.0,2141.0,2,3.0,70,Midtown,10-Sep-2020,No,
56,298890.0,1677.0,2,2.0,71,Rural,02/10/2020,N,
437,307288.0,1340.0,3,2.0,66,Suburbs,11/14/2020,Yes,
442,376293.0,2155.0,5,2.0,46,Midtown,2020-11-17,TRUE,2.3
159,310056.0,2285.0,2,2.0,59,Suburbs,25-Apr-2020,Yes,1.5
223,364126.0,888.0,2,2.5,19,Suburbs,2020-06-11,yes,8.1
256,412187.0,2254.0,5,3.0,62,Midtown,2020-07-05,no,
154,311095.0,,3,1.5,62,Midtown,2020-04-21,TRUE,
177,476327.0,TBD,3,1.5,61,Suburbs,08-May-2020,Y,
211,423272.0,1795.0,4,1.5,6,Downtown,2020-06-02,N,
290,341721.0,1740.0,2,2.0,42,Suburbs,07/29/2020,yes,
77,315820.0,2334.0,1,2.0,51,Rural,02/25/2020,no,
448,323481.0,628.0,3,1.5,72,Downtown,2020-11-22,N,
350,468076.0,2188.0,3,1.5,22,Rural,09/11/2020,N,1.4
149,435278.0,1866.0,2,2.0,78,Rural,04/18/2020,Yes,
447,435378.0,1934.0,4,2.0,13,Suburbs,21-Nov-2020,Y,
74,389773.0,1440.0,4,2.0,45,Suburbs,02/23/2020,Y,4.1
3,410036.0,1512.0,3,2.5,19,Rural,02-Jan-2020,No,1.2
78,362683.0,2299.0,5,2.5,66,Rural,26-Feb-2020,TRUE,
401,335631.0,1956.0,5,2.5,17,Suburbs,10/19/2020,Y,9.6
259,339294.0,2056.0,1,2.5,31,Rural,2020-07-07,No,3.8
488,-1000.0,1932.0,5,1.0,27,Rural,12/21/2020,yes,4.3
298,320247.0,2224.0,1,1.0,23,Midtown,2020-08-04,Y,8.4
64,396898.0,TBD,2,2.0,6,Midtown,2020-02-15,Yes,2.1
484,396462.0,unknown,1,1.5,57,Midtown,2020-12-18,N,5.9
282,210433.0,1768.0,4,1.5,75,Downtown,24-Jul-2020,Y,
71,247945.0,1221.0,4,1.5,39,Rural,02/21/2020,no,7.4
174,251952.0,,1,3.0,41,Suburbs,06-May-2020,FALSE,2.4
34,284898.0,1981.0,1,2.0,35,Rural,2020-01-25,no,3.3
73,276444.0,1905.0,5,1.5,36,Midtown,2020-02-22,N,9.9
79,400047.0,1699.0,5,3.0,79,Midtown,2020-02-26,yes,
1,374377.0,2346.0,1,3.0,33,Midtown,2020-01-01,FALSE,8.0
12,412223.0,1681.0,1,2.0,65,Midtown,09-Jan-2020,Y,
339,442425.0,2535.0,3,1.0,52,Downtown,03-Sep-2020,Y,3.3
23,447803.0,,5,2.0,57,Midtown,01/17/2020,Yes,5.3
479,350507.0,1233.0,3,1.0,24,Suburbs,12/14/2020,No,1.9
491,436823.0,2148.0,3,1.5,5,Downtown,12/23/2020,no,
105,275311.0,1545.0,2,3.0,79,Rural,16-Mar-2020,No,
83,320956.0,1682.0,5,3.0,15,Suburbs,02/29/2020,yes,1.4
186,472860.0,1608.0,4,3.0,15,Suburbs,15-May-2020,yes,4.2
141,383153.0,1202.0,4,1.0,76,Suburbs,12-Apr-2020,Yes,
19,420276.0,2159.0,2,3.0,18,Rural,2020-01-14,No,8.6
357,368752.0,,1,2.5,38,Rural,16-Sep-2020,TRUE,7.8
133,400812.0,1638.0,1,1.5,61,Downtown,2020-04-06,TRUE,
125,416809.0,1988.0,4,3.0,59,Suburbs,03/31/2020,yes,1.4
102,,1569.0,4,3.0,75,Downtown,14-Mar-2020,no,
40,402047.0,1485.0,2,3.0,18,Rural,2020-01-29,yes,4.5
471,377817.0,1687.0,2,1.5,58,Suburbs,09-Dec-2020,yes,
47,419714.0,1881.0,5,3.0,50,Downtown,02/03/2020,yes,2.8
315,416239.0,1549.0,1,1.5,63,Downtown,17-Aug-2020,Yes,
449,439167.0,1953.0,1,2.0,54,Downtown,11/23/2020,Y,4.0
366,,2132.0,3,1.5,48,Midtown,23-Sep-2020,FALSE,6.4
178,362799.0,,1,3.0,7,Midtown,2020-05-09,FALSE,8.9
287,371097.0,1818.0,3,2.0,4,Suburbs,07/27/2020,N,1.6
347,302712.0,3072.0,4,2.5,49,Downtown,09/09/2020,yes,3.1
132,239865.0,2820.0,1,2.5,73,Downtown,05-Apr-2020,no,
434,203528.0,2459.0,1,3.0,16,Suburbs,11/12/2020,N,6.3
457,436099.0,TBD,3,1.0,10,Downtown,2020-11-28,Y,4.6
70,334696.0,1875.0,3,3.0,39,Rural,2020-02-20,FALSE,6.5
358,371627.0,1970.0,2,1.5,70,Downtown,2020-09-17,No,
424,231557.0,1571.0,4,3.0,59,Suburbs,2020-11-04,No,3.5
335,352623.0,1499.0,2,2.5,31,Midtown,08/31/2020,Yes,5.7
228,500148.0,2107.0,3,2.0,72,Downtown,14-Jun-2020,N,
435,424264.0,1924.0,1,2.5,1,Midtown,12-Nov-2020,Y,4.0
437,307288.0,1340.0,3,2.0,66,Suburbs,11/14/2020,Yes,
209,279748.0,1711.0,2,1.5,79,Midtown,05/31/2020,no,
333,294086.0,1349.0,4,3.0,12,Rural,30-Aug-2020,N,4.8
221,332091.0,1762.0,2,3.0,32,Downtown,06/09/2020,TRUE,5.7
42,393452.0,1470.0,4,3.0,61,Rural,30-Jan-2020,N,
325,495652.0,1055.0,3,1.5,26,Rural,2020-08-24,Y,2.4
185,384301.0,1626.0,2,3.0,18,Downtown,05/14/2020,yes,3.8
498,323151.0,1848.0,4,2.5,12,Suburbs,28-Dec-2020,yes,7.2
356,368630.0,1806.0,3,1.0,78,Rural,09/16/2020,No,
321,412588.0,,3,1.0,20,Rural,21-Aug-2020,No,8.2
196,278422.0,1487.0,1,2.0,51,Suburbs,2020-05-22,FALSE,4.1
336,252675.0,1442.0,5,3.0,28,Midtown,01-Sep-2020,no,5.2
493,327100.0,,4,1.5,33,Rural,2020-12-25,TRUE,9.1
451,339509.0,1111.0,3,1.5,66,Downtown,2020-11-24,no,
38,,2259.0,1,1.5,29,Rural,01/28/2020,FALSE,3.5
87,312448.0,,3,1.0,61,Rural,03-Mar-2020,FALSE,
432,387976.0,1979.0,1,2.5,51,Midtown,10-Nov-2020,No,8.4
76,405239.0,1218.0,3,1.0,44,Rural,2020-02-24,TRUE,5.7
458,282347.0,2697.0,5,2.5,7,Suburbs,11/29/2020,yes,1.5
16,281257.0,1938.0,4,2.0,28,Downtown,2020-01-11,yes,
422,,1453.0,2,2.5,50,Midtown,11/03/2020,TRUE,6.5
183,317126.0,2301.0,2,2.0,12,Midtown,12-May-2020,N,9.4
474,364826.0,2047.0,2,2.0,61,Downtown,11-Dec-2020,TRUE,
20,346006.0,2452.0,1,1.5,37,Midtown,01/14/2020,Y,
398,368337.0,1455.0,4,1.5,20,Downtown,10/16/2020,yes,6.3
57,327989.0,1499.0,2,3.0,66,Midtown,10-Feb-2020,No,
450,380670.0,341.0,5,2.5,73,Rural,23-Nov-2020,Y,
343,355763.0,2501.0,5,2.0,17,Downtown,2020-09-06,Y,6.4
441,334860.0,1885.0,1,1.5,77,Suburbs,17-Nov-2020,no,
405,391693.0,1551.0,1,1.0,23,Downtown,21-Oct-2020,Yes,7.8
26,,1623.0,4,1.0,60,Suburbs,01/19/2020,No,9.5
262,328689.0,2054.0,5,2.5,68,Downtown,2020-07-09,TRUE,
43,296759.0,1899.0,5,1.0,4,Rural,2020-01-31,FALSE,2.7
495,325306.0,1756.0,3,2.5,62,Midtown,26-Dec-2020,Yes,
272,375320.0,2344.0,2,2.5,24,Suburbs,07/16/2020,Y,5.7
210,323270.0,2059.0,4,1.0,58,Suburbs,01-Jun-2020,No,4.5
288,354197.0,1719.0,2,2.5,70,Downtown,28-Jul-2020,N,
127,467064.0,1635.0,2,1.0,18,Suburbs,2020-04-01,FALSE,3.4
415,327209.0,unknown,2,2.5,32,Midtown,2020-10-29,Y,6.3
32,317487.0,1424.0,4,1.5,10,Rural,01/23/2020,Y,5.5
114,234315.0,1979.0,4,3.0,4,Rural,23-Mar-2020,FALSE,7.9
361,337798.0,1407.0,1,1.0,19,Rural,2020-09-19,FALSE,9.9
291,329842.0,1502.0,4,1.0,78,Rural,30-Jul-2020,N,
155,,2035.0,3,2.5,48,Downtown,04/22/2020,Y,9.4
58,469595.0,1387.0,4,1.0,72,Downtown,2020-02-11,Y,
212,243889.0,2081.0,2,3.0,60,Downtown,06/03/2020,N,3.4
25,315734.0,,1,1.5,72,Downtown,2020-01-18,no,
18,,1525.0,4,1.5,14,Rural,13-Jan-2020,No,5.1
246,247006.0,,1,1.0,67,Downtown,27-Jun-2020,Y,
67,322102.0,1736.0,3,1.5,46,Rural,2020-02-18,no,2.2
230,327009.0,1352.0,5,1.5,64,Downtown,06/16/2020,TRUE,
226,368258.0,2384.0,5,3.0,63,Suburbs,2020-06-13,TRUE,
95,,1288.0,5,1.5,10,Rural,03/09/2020,yes,1.2
463,222835.0,1399.0,5,2.0,4,Suburbs,2020-12-03,Y,
285,261166.0,1805.0,2,2.5,78,Suburbs,26-Jul-2020,TRUE,
24,337638.0,1723.0,1,1.0,19,Rural,17-Jan-2020,FALSE,2.2
245,520340.0,1840.0,2,1.0,32,Suburbs,06/27/2020,no,6.8
423,,1848.0,5,1.0,29,Downtown,04-Nov-2020,No,
376,536212.0,1017.0,5,1.0,56,Rural,2020-09-30,yes,7.1
6,245826.0,1583.0,3,1.5,59,Rural,04-Jan-2020,no,3.6
117,368614.0,2086.0,2,1.5,61,Downtown,25-Mar-2020,TRUE,
46,367495.0,1736.0,2,2.5,39,Suburbs,2020-02-02,yes,4.5
408,416362.0,1289.0,1,3.0,42,Midtown,24-Oct-2020,N,2.8
17,379500.0,2067.0,4,1.5,14,Suburbs,01/12/2020,TRUE,1.1
485,345457.0,1950.0,5,2.5,33,Downtown,12/19/2020,Y,2.9
371,350914.0,1912.0,2,2.5,75,Rural,09/27/2020,Y,
4,425245.0,1199.0,2,1.5,62,Suburbs,2020-01-03,TRUE,
275,475868.0,1805.0,3,2.0,43,Midtown,07/19/2020,yes,9.1
427,414287.0,1732.0,5,1.5,8,Downtown,2020-11-06,TRUE,7.1
61,215370.0,1772.0,4,3.0,28,Suburbs,2020-02-13,yes,4.1
111,384754.0,1386.0,4,1.0,17,Rural,21-Mar-2020,TRUE,9.4
330,308538.0,731.0,4,1.5,57,Midtown,28-Aug-2020,TRUE,7.0
273,342217.0,1902.0,3,2.5,7,Rural,17-Jul-2020,Y,4.9
30,,2426.0,2,1.5,21,Rural,22-Jan-2020,yes,4.8
281,388411.0,1780.0,3,1.0,12,Rural,07/23/2020,No,3.6
412,163311.0,1959.0,5,1.0,19,Downtown,2020-10-27,Yes,1.4
27,392585.0,2382.0,5,2.0,13,Suburbs,19-Jan-2020,Y,3.4
8,324701.0,N/A,3,2.0,65,Midtown,01/06/2020,Yes,
182,367551.0,2050.0,3,1.0,59,Midtown,05/12/2020,no,2.0
473,327251.0,1889.0,5,1.5,6,Midtown,12/10/2020,yes,9.4
109,417225.0,,4,2.0,17,Rural,2020-03-19,Yes,8.3
38,,2259.0,1,1.5,29,Rural,01/28/2020,FALSE,3.5
158,428619.0,,5,1.0,30,Rural,04/24/2020,TRUE,7.5
489,281877.0,1679.0,1,1.5,13,Downtown,22-Dec-2020,Y,6.6
119,-1000.0,1554.0,3,2.5,4,Midtown,03/27/2020,TRUE,8.2
115,355770.0,1477.0,4,2.0,50,Midtown,2020-03-24,TRUE,1.8
426,321359.0,2553.0,2,2.5,42,Suburbs,06-Nov-2020,No,8.9
176,363807.0,1940.0,5,2.0,64,Midtown,05/07/2020,No,
205,185986.0,2220.0,1,2.0,19,Suburbs,2020-05-28,Y,5.8
370,417551.0,1781.0,1,1.0,66,Rural,2020-09-26,Y,
145,284965.0,1665.0,1,2.0,44,Rural,2020-04-15,TRUE,9.7
195,261436.0,1469.0,1,1.5,42,Suburbs,21-May-2020,TRUE,6.9
384,,1331.0,3,2.0,27,Suburbs,06-Oct-2020,TRUE,1.6
396,361059.0,2220.0,1,2.0,59,Midtown,15-Oct-2020,Y,8.5
377,333587.0,1795.0,4,2.0,25,Downtown,10/01/2020,N,9.8
487,287641.0,1238.0,4,3.0,56,Midtown,2020-12-20,Yes,6.1
239,265007.0,1152.0,2,2.5,1,Rural,06/22/2020,Yes,8.6
465,260609.0,1786.0,5,1.0,7,Suburbs,04-Dec-2020,Yes,5.5
142,270837.0,2080.0,4,1.0,22,Midtown,2020-04-12,No,4.7
407,,1710.0,3,2.0,43,Rural,10/23/2020,yes,2.4
68,313012.0,,1,2.5,38,Suburbs,02/18/2020,N,8.3
232,302743.0,1823.0,1,2.0,21,Rural,2020-06-17,FALSE,7.8
169,337469.0,,3,2.0,70,Rural,2020-05-02,FALSE,
189,240547.0,1616.0,1,1.5,45,Downtown,17-May-2020,N,2.7
238,336987.0,2123.0,1,1.5,10,Downtown,2020-06-22,N,7.8
391,,1467.0,2,3.0,33,Midtown,2020-10-11,FALSE,7.5
312,385127.0,1569.0,3,1.5,62,Downtown,15-Aug-2020,FALSE,
194,5000.0,899.0,3,1.0,68,Rural,05/20/2020,no,
82,297046.0,1337.0,2,3.0,18,Downtown,2020-02-29,Y,3.4
110,211814.0,2015.0,3,1.5,13,Rural,03/20/2020,no,3.8
263,368574.0,2096.0,2,1.5,19,Midtown,07/10/2020,no,1.4
146,316771.0,1743.0,2,2.0,21,Suburbs,04/15/2020,No,8.1
93,316136.0,2529.0,3,1.0,12,Midtown,08-Mar-2020,yes,4.0
153,216025.0,2467.0,1,1.0,62,Midtown,20-Apr-2020,FALSE,
353,,2163.0,1,1.0,48,Suburbs,09/13/2020,Yes,1.4
411,231425.0,1499.0,4,2.5,63,Suburbs,26-Oct-2020,FALSE,
278,261007.0,1959.0,4,1.5,10,Suburbs,07/21/2020,no,4.5
84,319461.0,1371.0,3,1.5,63,Rural,01-Mar-2020,N,
104,409001.0,1549.0,4,1.0,27,Downtown,03/16/2020,yes,7.9
166,277766.0,1118.0,4,1.0,45,Downtown,2020-04-30,TRUE,2.1
164,284289.0,1663.0,1,1.5,0,Midtown,04/28/2020,No,3.3
200,,N/A,5,3.0,78,Suburbs,05/25/2020,Y,
251,320540.0,1805.0,1,2.0,6,Downtown,07/01/2020,yes,1.8
75,361394.0,1876.0,2,2.0,61,Midtown,24-Feb-2020,N,
469,438479.0,2170.0,3,1.5,42,Suburbs,2020-12-07,TRUE,8.5
235,291673.0,1911.0,5,1.0,9,Downtown,2020-06-19,No,8.8
499,190735.0,1852.0,2,1.0,60,Rural,2020-12-29,yes,1.1
120,330852.0,2380.0,3,3.0,66,Downtown,27-Mar-2020,yes,
292,362205.0,1300.0,4,3.0,59,Rural,2020-07-31,TRUE,2.9
433,5000.0,2266.0,4,3.0,24,Downtown,2020-11-11,Yes,
456,362815.0,2348.0,2,2.5,16,Downtown,28-Nov-2020,Yes,9.6
368,284220.0,1637.0,4,2.5,52,Suburbs,09/24/2020,Yes,7.8
417,437137.0,2375.0,2,2.5,27,Suburbs,30-Oct-2020,No,7.5
248,496953.0,2007.0,3,3.0,31,Midtown,06/29/2020,Yes,4.1
266,431017.0,1087.0,3,2.0,18,Rural,07/12/2020,Yes,9.5
269,354252.0,1288.0,1,1.5,68,Midtown,07/14/2020,no,
313,489515.0,1901.0,5,2.0,76,Rural,2020-08-15,no,
399,392405.0,1992.0,1,2.5,41,Rural,17-Oct-2020,Y,3.9
379,478340.0,1759.0,4,2.0,48,Midtown,2020-10-02,no,5.8
37,340884.0,1584.0,4,2.0,68,Suburbs,2020-01-27,TRUE,
197,401466.0,872.0,4,1.5,59,Rural,05/23/2020,Y,6.9
140,,2010.0,1,3.0,18,Midtown,04/11/2020,Yes,4.2
389,372102.0,799.0,3,2.0,67,Downtown,10/10/2020,Y,
439,297657.0,2176.0,3,2.5,4,Downtown,2020-11-15,Y,5.7
302,227291.0,1367.0,5,3.0,19,Downtown,08/07/2020,N,8.8
419,344469.0,2345.0,3,3.0,35,Suburbs,11/01/2020,TRUE,8.1
60,427462.0,1444.0,2,1.0,63,Midtown,13-Feb-2020,Y,
470,,1814.0,3,1.0,66,Suburbs,12/08/2020,FALSE,
249,582405.0,1651.0,5,1.0,20,Rural,30-Jun-2020,TRUE,7.3
112,369019.0,,2,1.0,15,Downtown,2020-03-22,TRUE,1.8
90,385722.0,2444.0,2,1.0,69,Suburbs,05-Mar-2020,FALSE,
462,283330.0,1852.0,5,1.5,5,Rural,02-Dec-2020,FALSE,6.0
267,362434.0,1833.0,3,3.0,41,Downtown,13-Jul-2020,N,7.8
375,394329.0,,3,3.0,73,Downtown,30-Sep-2020,yes,
151,337309.0,2539.0,5,2.5,55,Rural,2020-04-19,yes,2.5
397,410811.0,TBD,2,1.5,43,Midtown,2020-10-16,Yes,7.5
39,284042.0,842.0,2,2.0,72,Rural,28-Jan-2020,yes,
326,408462.0,1812.0,4,2.0,63,Midtown,08/25/2020,Yes,
199,349590.0,1434.0,1,2.0,10,Midtown,2020-05-24,N,9.5
303,419106.0,1938.0,1,3.0,24,Midtown,08-Aug-2020,yes,4.3
147,301032.0,2046.0,3,2.0,0,Suburbs,16-Apr-2020,TRUE,9.7
409,190555.0,1828.0,1,1.5,32,Rural,2020-10-24,Yes,5.9
148,338737.0,1108.0,5,2.5,34,Suburbs,2020-04-17,N,8.5
318,294206.0,1898.0,5,1.0,58,Downtown,19-Aug-2020,FALSE,3.1
297,373680.0,2198.0,2,1.5,49,Rural,04-Aug-2020,Yes,4.4
124,458735.0,1552.0,2,2.0,15,Suburbs,2020-03-30,Yes,4.7
383,221819.0,1356.0,1,3.0,36,Rural,10/05/2020,TRUE,5.7
97,244184.0,1592.0,2,1.5,59,Rural,2020-03-11,N,7.8
144,371417.0,1869.0,1,2.0,77,Downtown,14-Apr-2020,Y,
240,307645.0,901.0,3,1.0,75,Rural,23-Jun-2020,no,
322,334748.0,2375.0,1,2.0,41,Midtown,2020-08-22,No,5.4
98,270220.0,2125.0,5,3.0,21,Downtown,03/11/2020,No,9.9
472,317434.0,1758.0,5,1.5,46,Rural,2020-12-09,No,
123,,1908.0,2,3.0,53,Downtown,30-Mar-2020,no,3.5
184,438503.0,1591.0,3,2.5,29,Suburbs,2020-05-13,Y,9.5
203,357247.0,1388.0,2,1.5,52,Rural,05/27/2020,No,3.9
247,,,1,2.5,50,Suburbs,2020-06-28,Y,2.7
317,355324.0,1639.0,5,3.0,61,Downtown,08/18/2020,No,
97,244184.0,1592.0,2,1.5,59,Rural,2020-03-11,N,7.8
365,339999.0,1523.0,3,3.0,18,Downtown,09/22/2020,Y,6.0
311,,1719.0,1,1.0,66,Midtown,08/14/2020,No,
413,295739.0,,1,3.0,63,Rural,10/27/2020,yes,
497,,2107.0,5,3.0,33,Midtown,12/28/2020,No,6.8
126,378550.0,1587.0,5,1.5,14,Rural,01-Apr-2020,no,5.0
490,403247.0,1607.0,3,1.5,37,Rural,2020-12-22,No,9.2
224,,1201.0,4,2.0,23,Rural,06/11/2020,N,1.5
486,336367.0,2053.0,1,2.0,35,Suburbs,20-Dec-2020,Y,2.5
220,294325.0,1391.0,3,3.0,14,Suburbs,2020-06-08,yes,9.7
130,275874.0,835.0,1,1.0,21,Midtown,2020-04-04,FALSE,8.9
438,264420.0,1765.0,4,2.0,64,Rural,15-Nov-2020,Yes,
299,209462.0,2210.0,1,3.0,33,Downtown,08/05/2020,N,2.2
452,377902.0,1981.0,1,1.0,26,Downtown,11/25/2020,N,8.0
393,312258.0,1637.0,3,3.0,69,Rural,13-Oct-2020,N,
403,415642.0,1741.0,3,2.0,58,Downtown,2020-10-20,TRUE,7.0
369,366184.0,1566.0,5,3.0,74,Rural,25-Sep-2020,no,
305,345094.0,2315.0,4,1.5,53,Rural,08/09/2020,N,1.6
295,331052.0,,4,1.0,12,Rural,2020-08-02,yes,5.5
381,-1000.0,1890.0,5,1.0,37,Suburbs,04-Oct-2020,yes,2.0
355,435478.0,1911.0,2,2.0,48,Rural,2020-09-15,yes,1.6
113,302468.0,1231.0,4,1.5,59,Downtown,03/22/2020,N,9.9
180,372866.0,1733.0,3,3.0,31,Midtown,10-May-2020,Y,9.3
319,429167.0,1909.0,5,1.0,23,Downtown,2020-08-20,no,5.9
425,278949.0,1734.0,3,2.5,74,Rural,11/05/2020,TRUE,
342,374349.0,1814.0,1,1.0,78,Midtown,05-Sep-2020,no,
128,254899.0,2345.0,5,2.0,64,Suburbs,04/02/2020,FALSE,
374,417346.0,1825.0,2,1.0,17,Midtown,09/29/2020,TRUE,4.0
234,446468.0,1725.0,5,1.0,21,Downtown,19-Jun-2020,no,7.5
282,210433.0,1768.0,4,1.5,75,Downtown,24-Jul-2020,Y,
323,443700.0,1335.0,4,1.5,63,Suburbs,08/23/2020,TRUE,
165,417079.0,1767.0,3,2.0,45,Suburbs,29-Apr-2020,no,7.0
137,,1724.0,1,2.5,79,Downtown,04/09/2020,N,
198,318432.0,1415.0,4,3.0,55,Rural,23-May-2020,N,1.8
259,339294.0,2056.0,1,2.5,31,Rural,2020-07-07,No,3.8
233,375248.0,2019.0,3,3.0,48,Midtown,06/18/2020,No,5.6
116,307641.0,,2,2.0,75,Downtown,03/24/2020,N,
121,268120.0,1624.0,2,2.5,0,Suburbs,2020-03-28,N,8.7
362,380672.0,1223.0,3,2.5,61,Downtown,09/20/2020,No,
225,357239.0,1431.0,4,1.0,15,Midtown,12-Jun-2020,FALSE,4.9
442,376293.0,2155.0,5,2.0,46,Midtown,2020-11-17,TRUE,2.3
349,,1517.0,2,3.0,7,Downtown,2020-09-11,Y,1.1
128,254899.0,2345.0,5,2.0,64,Suburbs,04/02/2020,FALSE,
286,,1900.0,2,1.0,35,Rural,2020-07-27,TRUE,1.3
429,239425.0,1707.0,1,2.0,9,Rural,08-Nov-2020,FALSE,6.3
108,322877.0,1979.0,3,3.0,23,Midtown,19-Mar-2020,no,7.9
385,221898.0,1363.0,5,1.5,65,Rural,2020-10-07,yes,
337,5000.0,1669.0,2,2.5,28,Rural,2020-09-02,N,3.9
134,,,2,3.0,11,Midtown,04/07/2020,N,4.0
378,189718.0,1712.0,4,2.0,45,Suburbs,02-Oct-2020,no,4.8
45,359335.0,1699.0,4,1.0,29,Midtown,02-Feb-2020,No,1.3
482,464657.0,1188.0,2,1.0,41,Suburbs,12/17/2020,yes,2.3
66,413468.0,,4,1.0,1,Suburbs,17-Feb-2020,Yes,7.7
284,386354.0,2158.0,3,1.0,58,Suburbs,07/25/2020,no,5.5
86,388958.0,2599.0,3,2.0,67,Suburbs,03/03/2020,TRUE,
243,209382.0,1392.0,3,1.0,74,Rural,25-Jun-2020,No,
187,364659.0,2116.0,4,3.0,13,Rural,2020-05-15,Yes,5.1
400,,1186.0,2,2.5,69,Rural,2020-10-18,yes,
160,255204.0,1670.0,5,2.0,66,Rural,2020-04-26,yes,
13,355282.0,1840.0,2,1.5,22,Downtown,2020-01-09,Yes,5.9
36,440318.0,,2,2.5,24,Downtown,26-Jan-2020,N,8.7
29,,1903.0,4,3.0,14,Suburbs,01/21/2020,FALSE,
171,297617.0,2114.0,2,1.0,16,Downtown,04-May-2020,yes,6.3
143,179436.0,2621.0,4,3.0,27,Midtown,04/13/2020,no,8.4
416,365823.0,2263.0,2,2.5,2,Suburbs,10/29/2020,No,6.9
354,415101.0,1812.0,5,2.0,30,Suburbs,14-Sep-2020,No,7.7
222,369400.0,2251.0,2,1.0,37,Downtown,10-Jun-2020,FALSE,9.2
96,234231.0,1631.0,5,2.0,32,Suburbs,10-Mar-2020,Yes,2.8
52,400503.0,2023.0,5,1.5,79,Downtown,2020-02-07,Y,
241,279851.0,2201.0,2,2.0,41,Downtown,2020-06-24,FALSE,1.3
387,385171.0,2298.0,5,1.0,60,Rural,08-Oct-2020,No,2.8
352,417727.0,1604.0,4,2.5,63,Rural,2020-09-13,FALSE,
395,406156.0,,3,2.5,28,Downtown,10/14/2020,No,7.8
179,340509.0,1955.0,1,2.0,11,Midtown,05/09/2020,FALSE,5.3
42,393452.0,1470.0,4,3.0,61,Rural,30-Jan-2020,N,
455,355550.0,1515.0,1,1.5,23,Suburbs,11/27/2020,Y,6.5
404,318501.0,2435.0,2,3.0,70,Suburbs,10/21/2020,No,
207,282542.0,,2,2.0,5,Rural,30-May-2020,No,1.5
283,424195.0,TBD,4,1.0,8,Downtown,2020-07-24,Yes,7.9
359,,1025.0,4,1.0,62,Rural,09/18/2020,Yes,
255,330378.0,2514.0,4,2.5,34,Rural,04-Jul-2020,FALSE,3.6
430,381426.0,1830.0,5,2.5,35,Rural,2020-11-09,Yes,3.0
5,193917.0,614.0,4,2.5,46,Midtown,01/03/2020,No,7.9
257,384781.0,1432.0,2,1.5,12,Suburbs,07/05/2020,Y,7.4
468,504978.0,1503.0,3,1.0,10,Rural,06-Dec-2020,TRUE,9.6
101,319747.0,2006.0,1,2.5,50,Downtown,03/14/2020,Y,
227,551398.0,1913.0,1,3.0,16,Rural,06/13/2020,Yes,9.9
445,322577.0,1916.0,1,2.0,21,Suburbs,2020-11-20,Y,9.5
214,311266.0,1795.0,4,3.0,7,Midtown,2020-06-04,TRUE,4.5
440,384231.0,2146.0,1,3.0,27,Downtown,11/16/2020,FALSE,4.3
172,385686.0,1909.0,4,1.0,16,Suburbs,2020-05-04,FALSE,7.5
99,381982.0,1897.0,5,1.0,65,Suburbs,12-Mar-2020,yes,
293,467719.0,2004.0,5,3.0,3,Downtown,08/01/2020,Y,2.8
216,430221.0,1314.0,5,1.0,37,Rural,05-Jun-2020,Y,5.8
62,323209.0,1934.0,5,2.5,36,Rural,02/14/2020,no,1.4
48,367888.0,,3,1.0,51,Suburbs,04-Feb-2020,no,7.1
33,309021.0,1621.0,1,2.5,1,Downtown,24-Jan-2020,No,9.7
268,378141.0,1578.0,5,3.0,4,Rural,2020-07-13,Y,5.2
328,344644.0,1753.0,2,2.5,76,Downtown,2020-08-26,no,
201,377006.0,2245.0,2,2.5,13,Suburbs,26-May-2020,No,
466,313306.0,1254.0,5,3.0,5,Downtown,2020-12-05,N,1.3
28,379236.0,1853.0,5,2.5,25,Rural,2020-01-20,yes,5.5
406,328733.0,,3,2.0,17,Rural,2020-10-22,Y,10.0
231,232925.0,1979.0,2,2.5,50,Midtown,16-Jun-2020,Yes,2.1
261,330946.0,2300.0,1,3.0,49,Midtown,08-Jul-2020,Y,1.4
379,478340.0,1759.0,4,2.0,48,Midtown,2020-10-02,no,5.8
289,326626.0,1367.0,4,2.5,14,Suburbs,2020-07-29,Yes,1.7
163,520278.0,1439.0,5,3.0,54,Suburbs,2020-04-28,yes,5.6
392,354348.0,1577.0,2,2.0,75,Midtown,10/12/2020,Yes,
443,378954.0,1996.0,5,1.0,10,Rural,11/18/2020,FALSE,2.7
139,509738.0,2032.0,2,2.5,33,Suburbs,2020-04-10,no,2.4
63,,1820.0,3,3.0,60,Downtown,15-Feb-2020,no,5.5
136,268754.0,1686.0,4,1.5,54,Rural,2020-04-08,no,4.8
129,298820.0,,3,1.0,78,Suburbs,03-Apr-2020,Y,
500,230395.0,2130.0,5,1.0,19,Downtown,12/30/2020,No,9.6
9,348656.0,1576.0,2,3.0,16,Midtown,06-Jan-2020,TRUE,9.4
327,224237.0,1812.0,5,2.5,36,Rural,25-Aug-2020,FALSE,1.5
486,336367.0,2053.0,1,2.0,35,Suburbs,20-Dec-2020,Y,2.5
65,406898.0,2160.0,3,1.0,56,Midtown,02/16/2020,N,3.1
301,488188.0,1462.0,1,1.5,78,Downtown,2020-08-07,TRUE,
15,387401.0,,1,1.5,27,Midtown,11-Jan-2020,Y,4.0
157,360422.0,1452.0,5,1.0,46,Downtown,2020-04-23,yes,6.1
41,409460.0,1125.0,2,3.0,43,Rural,01/30/2020,Y,5.8
380,313384.0,1789.0,1,2.0,39,Downtown,10/03/2020,No,5.4
480,557814.0,,1,2.5,51,Suburbs,15-Dec-2020,TRUE,3.1
421,357370.0,1673.0,2,2.0,8,Midtown,2020-11-02,no,5.8
217,393049.0,1175.0,5,1.5,10,Downtown,2020-06-06,yes,7.9
410,246282.0,1370.0,1,2.0,62,Downtown,10/25/2020,Y,
280,371020.0,1279.0,3,1.5,62,Downtown,2020-07-22,Y,
454,516158.0,1335.0,3,1.0,13,Suburbs,2020-11-26,FALSE,2.0
450,380670.0,341.0,5,2.5,73,Rural,23-Nov-2020,Y,
338,374961.0,2371.0,4,3.0,51,Midtown,09/03/2020,TRUE,3.7
237,178217.0,2111.0,2,1.5,22,Downtown,21-Jun-2020,no,6.5
208,252495.0,2023.0,1,3.0,19,Midtown,2020-05-31,TRUE,4.3
213,352451.0,1386.0,2,2.5,77,Downtown,03-Jun-2020,TRUE,
296,364121.0,1751.0,1,1.0,59,Midtown,08/03/2020,No,6.2
477,435108.0,2242.0,4,2.5,32,Suburbs,13-Dec-2020,No,4.8
252,377324.0,1680.0,1,3.0,12,Downtown,02-Jul-2020,TRUE,9.0
294,144667.0,1957.0,1,2.5,65,Rural,01-Aug-2020,TRUE,
478,,1635.0,3,2.5,70,Downtown,2020-12-14,Yes,
304,323718.0,1952.0,2,1.5,40,Suburbs,2020-08-09,No,
351,379469.0,,2,1.5,41,Midtown,12-Sep-2020,TRUE,
270,350007.0,N/A,1,3.0,69,Midtown,15-Jul-2020,no,
202,,1702.0,2,1.0,32,Suburbs,2020-05-26,no,2.2
162,291982.0,1793.0,1,2.0,17,Midtown,27-Apr-2020,no,1.6
44,368573.0,1728.0,5,2.0,74,Downtown,02/01/2020,Yes,
218,456992.0,,5,1.0,16,Downtown,06/07/2020,TRUE,4.4
402,365742.0,1841.0,1,1.0,59,Midtown,19-Oct-2020,no,6.3
191,487893.0,1926.0,1,1.0,34,Downtown,05/18/2020,FALSE,3.3
310,488585.0,,4,3.0,31,Downtown,2020-08-13,Y,7.5
260,240008.0,1977.0,1,1.0,73,Downtown,07/08/2020,no,
106,333565.0,2016.0,4,2.0,44,Suburbs,2020-03-17,No,9.1
54,324426.0,2614.0,4,3.0,49,Suburbs,08-Feb-2020,N,7.5
390,236979.0,1118.0,1,2.0,31,Downtown,10-Oct-2020,FALSE,9.1
2,266801.0,2158.0,4,3.0,38,Midtown,01/01/2020,Y,9.5
461,375113.0,2447.0,5,2.5,30,Rural,12/01/2020,Y,5.7
76,405239.0,1218.0,3,1.0,44,Rural,2020-02-24,TRUE,5.7
50,355406.0,2065.0,4,3.0,69,Downtown,02/05/2020,Yes,
420,458287.0,,2,2.0,56,Suburbs,01-Nov-2020,yes,6.6
81,386542.0,836.0,2,3.0,57,Downtown,28-Feb-2020,No,9.3
206,346103.0,1410.0,3,1.5,73,Downtown,05/29/2020,No,
35,399278.0,1174.0,5,2.5,56,Midtown,01/25/2020,Yes,5.5
431,266756.0,1802.0,4,2.5,4,Suburbs,11/09/2020,FALSE,7.6
264,305574.0,2055.0,5,2.0,67,Rural,10-Jul-2020,FALSE,
428,487662.0,1966.0,5,1.5,38,Midtown,11/07/2020,no,1.8
494,386317.0,2326.0,3,1.0,63,Rural,12/25/2020,Yes,
367,290513.0,1263.0,4,2.5,23,Rural,2020-09-24,no,8.1
92,342121.0,unknown,2,2.5,71,Suburbs,03/07/2020,Yes,
340,398701.0,1666.0,1,1.5,37,Midtown,2020-09-04,N,4.3
496,424844.0,1941.0,3,2.0,20,Suburbs,2020-12-27,N,
53,9999999.0,1919.0,3,1.0,37,Suburbs,02/07/2020,Y,
346,184941.0,1946.0,3,2.0,32,Downtown,2020-09-08,No,8.6
265,387723.0,1936.0,3,1.5,5,Downtown,2020-07-11,Y,7.6
242,342459.0,2275.0,1,1.5,32,Suburbs,06/24/2020,FALSE,6.0
14,440179.0,unknown,4,2.5,19,Suburbs,01/10/2020,no,2.3
316,326274.0,1925.0,5,1.0,19,Suburbs,2020-08-17,FALSE,1.5
89,388460.0,1894.0,5,2.5,53,Suburbs,03/05/2020,No,2.7
388,391935.0,1627.0,5,2.0,2,Rural,2020-10-09,no,7.9
274,517453.0,2340.0,4,2.0,49,Suburbs,2020-07-18,no,6.4
167,424526.0,1154.0,2,2.0,29,Suburbs,05/01/2020,Y,9.4
329,256239.0,2286.0,2,2.5,0,Suburbs,08/27/2020,FALSE,9.0
405,391693.0,1551.0,1,1.0,23,Downtown,21-Oct-2020,Yes,7.8
135,232335.0,1676.0,3,1.0,23,Midtown,07-Apr-2020,Y,5.5
307,323244.0,1747.0,5,2.5,40,Rural,2020-08-11,No,1.6
106,333565.0,2016.0,4,2.0,44,Suburbs,2020-03-17,No,9.1
320,255736.0,1344.0,5,1.0,54,Midtown,08/20/2020,TRUE,4.8
244,232636.0,1056.0,1,3.0,17,Suburbs,2020-06-26,no,8.7
55,,1765.0,4,3.0,35,Midtown,2020-02-09,Yes,5.2
364,265317.0,1834.0,2,2.0,26,Rural,2020-09-21,Y,2.1
51,373130.0,1954.0,4,3.0,49,Midtown,06-Feb-2020,TRUE,3.4
481,367846.0,1985.0,4,3.0,35,Suburbs,2020-12-16,Y,8.5
175,247765.0,2134.0,4,1.0,58,Downtown,2020-05-07,yes,1.9
446,231851.0,1658.0,5,2.0,77,Downtown,11/20/2020,N,
190,482074.0,1630.0,5,2.0,32,Rural,2020-05-17,No,
441,334860.0,1885.0,1,1.5,77,Suburbs,17-Nov-2020,no,
464,184161.0,1756.0,1,1.0,79,Suburbs,12/03/2020,no,
188,252042.0,2399.0,4,2.5,15,Rural,05/16/2020,yes,4.7
476,9999999.0,1383.0,2,3.0,50,Downtown,12/12/2020,FALSE,5.2
170,346739.0,774.0,5,1.5,3,Midtown,05/03/2020,FALSE,
59,280734.0,1302.0,1,2.5,40,Midtown,02/12/2020,N,2.9
475,,1400.0,5,1.0,2,Suburbs,2020-12-12,No,6.8
49,404313.0,2083.0,3,2.5,1,Suburbs,2020-02-05,TRUE,2.6
345,479297.0,1852.0,2,2.0,47,Midtown,08-Sep-2020,yes,7.2
236,297668.0,1863.0,1,3.0,20,Midtown,06/20/2020,TRUE,6.7
253,,1394.0,2,1.0,62,Rural,2020-07-02,N,
22,295526.0,,2,1.5,31,Suburbs,2020-01-16,no,9.8
314,385119.0,1598.0,2,1.0,73,Suburbs,08/16/2020,no,
460,347931.0,1963.0,3,3.0,9,Suburbs,2020-12-01,Yes,9.0
161,272791.0,1123.0,4,3.0,67,Rural,04/26/2020,No,
277,288955.0,1363.0,2,3.0,48,Midtown,2020-07-20,no,1.7
444,455653.0,2280.0,4,2.5,11,Suburbs,19-Nov-2020,TRUE,4.4
192,335638.0,1702.0,5,2.0,38,Rural,19-May-2020,Yes,
386,286469.0,1916.0,3,3.0,69,Midtown,10/08/2020,No,
294,144667.0,1957.0,1,2.5,65,Rural,01-Aug-2020,TRUE,
414,409955.0,,2,3.0,18,Rural,28-Oct-2020,TRUE,6.2
492,379323.0,2392.0,2,1.5,13,Downtown,24-Dec-2020,Yes,9.2
344,383111.0,1763.0,4,1.5,7,Rural,09/07/2020,FALSE,2.2
258,319908.0,2142.0,1,3.0,16,Rural,06-Jul-2020,No,6.5
309,396612.0,1672.0,5,3.0,68,Downtown,12-Aug-2020,no,
150,362564.0,,1,1.0,34,Suburbs,18-Apr-2020,yes,5.7
131,318815.0,2444.0,2,3.0,73,Downtown,04/04/2020,no,
152,267148.0,1730.0,1,2.5,20,Rural,04/20/2020,FALSE,8.4
360,338198.0,,2,2.5,24,Rural,19-Sep-2020,TRUE,6.4
100,277562.0,1090.0,5,3.0,48,Downtown,2020-03-13,Yes,5.5
373,,2090.0,1,2.5,36,Midtown,2020-09-28,FALSE,
88,,1465.0,4,1.5,79,Midtown,2020-03-04,Yes,
459,376646.0,1799.0,1,1.5,14,Rural,30-Nov-2020,Yes,9.3
331,470898.0,1958.0,1,2.0,65,Rural,2020-08-28,TRUE,
215,323786.0,1716.0,4,3.0,33,Midtown,06/05/2020,FALSE,4.1
467,326545.0,1698.0,2,3.0,2,Rural,12/06/2020,Yes,7.1
122,364342.0,1813.0,3,2.5,54,Rural,03/29/2020,FALSE,1.9
21,335211.0,,5,1.0,27,Downtown,15-Jan-2020,FALSE,5.3
72,259337.0,1773.0,5,2.0,32,Midtown,21-Feb-2020,Yes,7.4
107,273998.0,2105.0,1,3.0,49,Suburbs,03/18/2020,No,4.9
271,292275.0,2492.0,3,2.0,43,Midtown,2020-07-16,yes,3.9
436,301600.0,2036.0,1,1.5,71,Midtown,2020-11-13,TRUE,
103,321499.0,unknown,5,3.0,34,Rural,2020-03-15,TRUE,8.0
